1	Documentaries
2	International TV Shows
3	Crime TV Shows
4	Docuseries
5	TV Dramas
6	Children & Family Movies
7	Dramas
8	British TV Shows
9	Comedies
10	TV Comedies
11	Thrillers
12	Horror Movies
13	Kids' TV
14	Action & Adventure
15	Reality TV
16	Anime Series
17	International Movies
18	Sci-Fi & Fantasy
19	Classic Movies
20	TV Shows
21	Stand-Up Comedy
22	TV Action & Adventure
23	Movies
24	Stand-Up Comedy & Talk Shows
25	Classic & Cult TV
26	Anime Features
27	Romantic TV Shows
28	Cult Movies
29	Independent Movies
30	TV Horror
31	Spanish-Language TV Shows
32	Music & Musicals
33	Romantic Movies
34	LGBTQ Movies
35	TV Sci-Fi & Fantasy
36	Sports Movies
37	\N
38	 TV Dramas
39	 International TV Shows
40	 Reality TV
41	 Romantic TV Shows
42	 TV Horror
43	 Independent Movies
44	 Dramas
45	 Docuseries
46	 International Movies
47	 Comedies
48	 Crime TV Shows
49	 Spanish-Language TV Shows
50	 TV Action & Adventure
51	 Sci-Fi & Fantasy
52	 TV Comedies
53	 TV Sci-Fi & Fantasy
54	 Classic Movies
55	 Horror Movies
56	 Thrillers
57	 Anime Features
58	 Kids' TV
59	 Korean TV Shows
60	 Sports Movies
61	 Music & Musicals
62	 Science & Nature TV
63	 Romantic Movies
64	 Cult Movies
65	 Children & Family Movies
66	 Faith & Spirituality
67	 LGBTQ Movies
68	 Teen TV Shows
69	 TV Mysteries
70	 Stand-Up Comedy & Talk Shows
71	 Documentaries
72	 TV Thrillers
73	 Classic & Cult TV
74	 Stand-Up Comedy
